id;full_name;preferred_name;search_name;gender;is_permitted_to_logon;logon_name;is_external_logon_provider;is_system_user;is_employee;is_sales_person;is_guest_user;email_promotion;user_preferences;phone_number;email_address;photo;custom_fields;other_languages;valid_from;valid_to;user_id
1;payment Re-contextualized Licensed;Producer;SAS parsing;FEMALE;false;Senior;false;true;false;true;false;84812;Wooden;North Carolina infomediaries Chief;";^e[@rV.0A";Alaska solution-oriented;best-of-breed generate;applications context-sensitive;2019-12-12T04:45:11;2019-12-12T04:07:37;2
2;Wooden COM Cambridgeshire;Squares Table Avon;optimal Peru;FEMALE;true;Liaison Tonga;false;true;false;true;false;82258;Bouvet Island (Bouvetoya) generating Bedfordshire;India;"r2img0@J!VNz.}?";Games;tertiary;USB;2019-12-12T13:10:41;2019-12-12T21:29:54;2
3;withdrawal Towels;navigating seize generate;Fantastic Wooden Chips microchip;OTHER;false;generate;false;false;false;true;true;72153;Home Loan Account;Keys invoice Research;"I2.@R5{eg.5|s|";Auto Loan Account;indexing;Savings Account extensible connect;2019-12-13T00:57:26;2019-12-12T19:15:02;1
4;interface Buckinghamshire;Investment Account Forge Licensed;auxiliary;MALE;false;Principal Soft Quality;false;true;false;false;true;95817;input invoice calculate;Philippine Peso parsing Triple-buffered;"S;@jRuUM|.Jk]{Dr";Branding;Handcrafted Rubber Sausages;Towels Mississippi Product;2019-12-13T02:42:04;2019-12-13T00:37:23;2
5;complexity Direct Administrator;online program Refined Granite Gloves;quantifying Baby;FEMALE;false;Tugrik magnetic interface;false;true;false;true;true;53840;withdrawal alarm Timor-Leste;Personal Loan Account Inverse;"L@3\yZ.$iMQ?";Books CSS Holy See (Vatican City State);Data Tasty Steel Pants Licensed Steel Shirt;Manor;2019-12-12T12:27:21;2019-12-12T13:34:40;2
6;Coordinator;Practical killer Russian Federation;Adaptive Practical B2C;OTHER;false;Gorgeous Steel Salad Associate;false;false;false;false;true;12443;Usability;open-source Generic methodologies;"7.#o2@b].9<`/#";Fish Associate Intuitive;quantifying Phased connecting;Automated;2019-12-12T23:16:45;2019-12-12T18:17:51;1
7;lavender;copying primary invoice;EXE;FEMALE;true;Zimbabwe Dollar Salad;true;false;false;true;false;74787;Kids Customer;Practical AI didactic;"t@Ey/ob.%q";Configuration;Jewelery monitoring Infrastructure;Gorgeous ROI implement;2019-12-12T21:16:54;2019-12-12T10:49:07;2
8;Borders;Integration;Bond Markets Units European Composite Unit (EURCO);MALE;false;Motorway Virginia generating;false;true;true;true;true;86449;circuit;optical deposit;"0St'@9_6G=L.#z";UIC-Franc;Generic El Salvador Colon US Dollar purple;XSS RSS Outdoors;2019-12-12T07:41:47;2019-12-13T03:23:32;1
9;one-to-one reboot Chair;Tennessee generate Adaptive;asymmetric;MALE;false;deposit Solomon Islands;true;false;false;false;true;1842;web services copying;deposit Mobility;"zWfpd`@Wzl}'&.3M";Baht;Paradigm;application;2019-12-13T01:53:57;2019-12-12T10:30:37;2
10;proactive Checking Account;SCSI;Technician Architect calculate;FEMALE;false;Sports;false;false;false;true;true;25250;Grocery Ball Wells;partnerships Terrace Hat;"Nm8Z@f;Yv./#B";Kroon deposit systemic;Liaison Grocery capacitor;applications invoice unleash;2019-12-12T20:56:05;2019-12-12T16:54:02;2
